{
    "angle":{
        "formula":"smart",
        "units":{
            "arcminute":0.01666667,
            "arcsecond":0.0002777778,
            "milliarcsecond":0.0000002777699,
            "microarcsecond":0.0000000002777699,

            "degree":1,
            "gradian":0.9,
            "radian":57.29578,
            "milliradian":0.05729578,
            "microradian":0.00005729578,

            "cycle":360,
            "revolution":360.0008
        }
    },
    "area":{
        "formula":"smart",
        "units":{
            "acre":4046.86,
            "are":100,
            "hectare":10000,
            "rood":1011.714,
            "barn":0.0000000000000000000000000001,

            "square mile":2589988,
            "square yard":0.8361274,
            "square foot":0.09290304,
            "square inch":0.00064516,

            "square meter":1,
            "square decimeter":0.01,
            "square centimeter":0.0001,
            "square millimeter":0.000001,

            "square rod":25.2929
        }
    },
    "data transfer rate":{
        "formula":"smart",
        "units":{
            "terabyte per second":8000000000000,
            "gigabyte per second":8000000000,
            "megabyte per second":8000000,
            "kilobyte per second":8000,

            "tebibit per second":1099512000000,
            "terabit per second":1000000000000,
            "gibibit per second":1073742000,
            "gigabit per second":1000000000,
            "mebibit per second":1048576,
            "megabit per second":1000000,
            "kibibit per second":1024,
            "kilobit per second":1000,
            "bits per second":1
        }
    },
    "digital storage":{
        "formula":"smart",
        "units":{
            "pebibit":140737500000000,
            "petabit":125000000000000,
            "tebibit":137439000000,
            "terabit":125000000000,
            "gibibit":134217700,
            "gigabit":125000000,
            "mebibit":131072,
            "megabit":125000,
            "kibibit":128,
            "kilobit":125,
            "bit":0.125,

            "pebibyte":1125900000000000,
            "petabyte":1000000000000000,
            "tebibyte":1099512000000,
            "terabyte":1000000000000,
            "gibibyte":1073742000,
            "gigabyte":1000000000,
            "mebibyte":1048576,
            "megabyte":1000000,
            "kibibyte":1024,
            "kilobyte":1000,
            "byte":1
            
        }
    },
    "duration":{
        "formula":"smart",
        "units":{
            "century":3.154e+9,
            "decade":3.154e+8,
            "year":3.154e+7,
            "month":2.628e+6,
            "week":604800,
            "day":86400,
            "hour":3600,
            "minute":60,

            "second":1,
            "millisecond":0.001,
            "microsecond":1e-6,
            "nanosecond":1e-9
        }
    },
    "energy":{
        "formula":"smart",
        "units":{
            "gigaelectron volt":0.0000000001602177,
            "megaelectron volt":0.0000000000001602177,
            "kiloelectron volt":0.0000000000000001602177,
            "electronvolt":1.602177e-19,
            "centielectron volt":0.000000000000000000001602177,
            "millielectron volt":0.0000000000000000000001602177,
            "microelectron volt":0.0000000000000000000000001602177,

            "kilojoule":1000,
            "joule":1,

            "watt hour":3600,

            "kilocalorie":4184,
            "gram colorie":4.184,
            "foot pound":1.355818,

            "british thermal unit":1055.056,
            "therm":1.055e+8,
            "erg":0.0000001
        }
    },
    "force":{
        "formula":"smart",
        "units":{
            "ton force metric":1000000,
            "pound force":453.5924,
            "ounce force":28.34952,
            "kilogram force":1000,
            "gram force":1,

            "kilo newton":101971.6,
            "newton":101.9716,

            "kip":453592.4,
            "dyne":0.001019716
        }
    },
    "frequency":{
        "formula":"smart",
        "units":{
            "exahertz":1000000000000000000,
            "petahertz":1000000000000000,
            "terahertz":1000000000000,
            "gigahertz":1e+9,
            "megahertz":1e+6,
            "kilohertz":0.001,
            "hertz":1,
            "millihertz":0.001,
            "microhertz":0.000001
        }
    },
    "fuel prices":{
        "formula":"smart",
        "units":{
            "kilometer per liter":2.35215,
            "miles per gallon":1,
            "imperial miles per gallon":0.832674
        }
    },
    "length":{
        "formula":"smart",
        "units":{
            "megameter":1000000,
            "kilometer":1000,
            "hectometer":100,
            "decameter":10,
            "meter":1,
            "decimeter":0.1,
            "centimeter":0.01,
            "millimeter":0.001,
            "micrometer":1e-6,
            "nanometer":1e-9,
            "picometer":1e-12,

            "mile":1609,
            "yard":0.9144,
            "foot":0.3048,
            "inch":0.0254,

            "nautical mile":1852.001,
            "chains":20.1168,
            "rod":5.02921,
            "link":0.201168,
            "parsec":30856780000000000,
            "lightyear":9460730000000000,
            "astronomical unit":149597900000,
            "angstrom":0.0000000001
        }
    },
    "mass":{
        "formula":"smart",
        "units":{
            "metric ton":1e+6,
            "megagram":1000000,
            "metric quintal":100000,
            "kilogram":1000,
            "hectogram":100,
            "dekagram":10,
            "gram":1,
            "decigram":0.1,
            "centigram":0.01,
            "milligram":0.001,
            "microgram":1e-6,
            "picogram":1e-12,
            "femtogram":0.1e-15,

            "long ton":1016050,
            "short ton":907185,
            "ton":907185,
            "imperial ton":1.016e+6,
            "us ton":907185,
            "us quintal":45359.24,
            "pound":453.592,
            "ounce":28.3495,

            "hundredweight":45359.24,
            "french quintal":148950,
            "troy ounce":31.10348,
            "tola":11.6638,
            "dram":1.771845,
            "carat":0.2,
            "grain":0.06479891,
            "atomic mass unit":0.000000000000000000000001660539,

            "slug":14593.9,
            "stone":6350.29,
            "stick":115
        }
    },
    "power":{
        "formula":"smart",
        "units":{
            "exawatt":1000000000000000000,
            "petawatt":1000000000000000,
            "terawatt":1000000000000,
            "gigawatt":1000000000,
            "megawatt":1000000,
            "kilowatt":1000,
            "watt":1,

            "mechanical horsepower":745.7
        }
    },
    "pressure":{
        "formula":"smart",
        "units":{
            "gigabar":10000000000000,
            "megabar":10000000000,
            "kilobar":100000000,
            "bar":100000,
            "decibar":10000,
            "centibar":1000,
            "millibar":100,

            "gigapascal":1000000000,
            "megapascal":1000000,
            "kilopascal":1000,
            "hectopascal":100,
            "pascal":1,
            "millipascal":0.001,

            "psi":6894.76,
            "standard atmosphere":101325,
            "technical atmosphere":98066.5,
            "h20 cm":98.0665,
            "h20 mm":9.80665,
            "hg mm":133.322,
            "torr":133.322,

            "martian atmosphere":610
        }
    },
    "speed":{
        "formula":"smart",
        "units":{
            "miles per hour":1,
            "feet per second":0.681818,

            "meters per second":2.23694,
            "kilometers per second":0.621371,

            "knot":1.15078
        }
    },
    "temperature":{
        "formula":"custom",